Video,Video title,Video publish date,Comments,Shares,DisLikes,Likes,Subscribers lost,Subscribers gained,RPM (USD),CPM (USD),Average Percentage viewed(%),Average view Duration,Views,Subscribers,Your Estmated Revenue (USD),Impressions,Impressionss click-through rate (%),Watch time,Publish Month,Publish Day,Publish Weekday,Is Weekend,Likes per View,Dislikes per View,Comments per View,Shares per View,Subscribers per View,Average view Duration (sec),Watch time (sec),Performance
shsyg79bjbkki,pubg,2020-08-29,14197,39640,3902,225021,4570,229241,5.276,11.99,26.61,0 days 00:03:25,5568487,183451,29068.652,100954064,3.16,13233 days 10:21:12.959999902,8,29,Saturday,True,0.04040971265449436,0.0007007288154342794,0.0025495251134598834,0.00711862897073676,0.0329444904972409,205.0,1143368472.9599998,High
4OZip0cgOho,How I Would Learn Data Science (If I Had to Start Over),2020-05-08,907,9583,942,46903,451,46904,6.353,12.835,36.65,0 days 00:03:09,1253559,46453,7959.533,26498799,3.14,2743 days 18:42:15.119999974,5,8,Friday,False,0.03741583968856696,0.0007514598423689333,0.0007235393599029962,0.007644628099173554,0.03705686205686206,189.0,237062535.11999997,High
78LjdAAw0wA,100K Channel Update + AMA Stream!,2020-11-12,412,4,4,130,15,12,2.668,6.259,6.26,0 days 00:05:14,2291,1300,6.113,188318,0.72,8 days 08:17:47.759999999,11,12,Thursday,False,0.056719022687609075,0.0017452006980802793,0.17975567190226877,0.0017452006980802793,0.5671902268760908,314.0,721067.759999999,Low
hO_YKK_0Qck,Uber Driver to Machine Learning Engineer in 9 Months! (@Daniel Bourke) - KNN EP. 05,2020-07-16,402,152,15,881,9,198,9.516,11.695,15.12,0 days 00:10:21,21350,1189,202.963,442334,2.53,153 days 15:20:19.320000,7,16,Thursday,False,0.04126270432298253,0.000702543206407194,0.0188281579317128,0.007119104491592899,0.05568825816121025,621.0,13274419.32,High
uXLnbdHMf8w,Why I'm Starting Data Science Over Again.,2020-08-29,375,367,22,2622,40,1957,3.143,7.943,33.41,0 days 00:02:36,49564,11917,155.779,521185,4.01,89 days 12:18:39.600000,8,29,Saturday,True,0.052900232018561484,0.00044386159588419245,0.007565822657116917,0.0074044184404317565,0.2404317562796328,156.0,7733919.6,High
Xgg7dIKys9E,Interview with the Director of AI Research @ NVIDIA (Anima Anandkumar) - KNN EP. 07,2020-08-05,329,118,15,590,11,161,2.973,7.425,9.55,0 days 00:04:37,13429,1150,39.92,210876,3.38,43 days 02:23:40.200000,8,5,Wednesday,False,0.04393149664929263,0.0011169024571854058,0.024497393894266566,0.008786299329858525,0.08562918838421445,277.0,3723820.2,High
3d1NctSv0c,"Ken Jee Q & A Live Stream (50,000 Sub Special!)",2020-06-20,317,8,2,137,16,11,2.286,5.786,10.4,0 days 00:05:55,2326,500,5.318,123236,0.98,9 days 13:25:31.800000,6,20,Saturday,True,0.0588740868070477,0.0008594757198109154,0.1362269015900301,0.0034379028792436614,0.21486892995272883,355.0,825931.8,Low
Ip50cXvpWY4,The Best Free Data Science Courses Nobody is Talking About,2020-03-09,294,4694,75,19464,131,10734,4.097,9.124,33.8,0 days 00:02:06,297222,10603,1217.046,4512254,3.24,436 days 01:02:48.120000003,3,9,Monday,False,0.06548618377447236,0.0002523357882801802,0.0009891562900583063,0.015792855869162212,0.035673551508463346,126.0,37674168.12,High
4qZINLzwYyk,The State of Data Science with Krish Naik & The Data Professor [Panel Discussion],2020-06-05,267,544,61,633,38,335,6.722,9.554,9.52,0 days 00:03:36,20089,297,135.037,1191518,1.19,50 days 05:49:16.680000,6,5,Friday,False,0.031508213041314084,0.0030363364858138377,0.01329019412643106,0.027078148332503733,0.014783474365355898,216.0,4340956.68,High
742LQ38OioU,"Data Science Productivity, Motivation, and Organization (ft. Data Professor & Codebasics)",2020-07-01,246,17,5,191,13,26,2.461,5.439,8.49,0 days 00:04:56,3711,1300,9.132,131803,1.33,12 days 17:36:38.160000,7,1,Wednesday,False,0.051454741379310345,0.0013469827586206897,0.06627155172413793,0.0045797413793103444,0.35021551724137934,296.0,1100198.16,Low
GmW4F6MHqqs,Data Science Project from Scratch - Part 2 (Data Collection),2020-04-06,241,341,19,2378,5,916,5.789,12.422,24.28,0 days 00:06:47,71147,911,411.331,640357,6.53,335 days 10:42:11.160000,4,6,Monday,False,0.033423286670039916,0.00026704896834766966,0.0033873053353572834,0.00479282622139765,0.01280429527182774,407.0,28982531.16,High
Q9FjwzKFPuM,Data Science Certificate vs Bootcamp vs Masters Degree,2020-01-18,239,456,48,2708,37,1576,8.315,17.543,36.21,0 days 00:05:53,92355,1539,767.493,2247912,2.78,377 days 09:16:30.720000,1,18,Saturday,True,0.02932132184156958,0.0005197280090086188,0.0025878123781887478,0.004937416085581878,0.016663779288838842,353.0,32606190.72,High
41Clrh6nv1s,How I Would Learn Data Science in 2021 (What Has Changed?),2020-12-19,232,741,63,5869,57,3358,7.526,15.786,41.01,0 days 00:03:45,123515,3301,929.4,1699309,3.93,321 days 20:16:24.600000,12,19,Saturday,True,0.04751611127303345,0.0005100553774409793,0.0018782991677191619,0.005999222772758185,0.02672528255448687,225.0,27807384.6,High
8igH8qZafpo,3 Proven Data Science Projects for Beginners (Kaggle),2020-02-17,220,1935,64,14708,72,9508,3.733,9.247,35.26,0 days 00:02:40,237467,9436,885.504,3137644,4.01,440 days 00:21:34.920000003,2,17,Monday,False,0.06193676621692186,0.0002695099971364563,0.0009264406151565684,0.008148466319672545,0.03973588020280627,160.0,38017294.92,High
Kq9dkZu0bpg,"Hedge Funds, Startups, and Data Science Oh my! (@DataLeap) - KNN EP. 14",2020-09-18,213,34,6,248,12,28,4.604,9.501,16.64,0 days 00:05:37,6860,16,31.575,143539,2.52,26 days 18:51:36.720000,9,18,Friday,False,0.03614633435359277,0.0008745080891998251,0.031045037166593792,0.004955545838799009,0.0023320215711995335,337.0,2314296.72,Low
sHRq-LshG3U,Why You Probably Won't Become a Data Scientist,2021-04-09,213,386,129,3225,67,2237,5.569,12.805,41.36,0 days 00:03:34,108133,2170,601.671,1302907,5.04,268 days 03:35:26.160000,4,9,Friday,False,0.02982410712634324,0.0011929642850537297,0.001969778238111972,0.0035696450700057336,0.020067693787337932,214.0,23168126.16,High
S_CuB__nsmI,Sports Analytics & Streaming Data Science on Twitch (Nick Wan) - KNN EP. 08,2020-08-12,209,32,0,178,8,21,7.437,10.958,7.32,0 days 00:05:30,4415,13,32.826,140501,1.69,16 days 21:36:07.560000,8,12,Wednesday,False,0.04030797101449275,0.0,0.04732789855072464,0.007246376811594203,0.002943840579710145,330.0,1460167.56,Low
I3FBJdiExcg,Beginner Kaggle Data Science Project Walk-Through (Titanic),2020-07-17,174,1265,59,4321,40,2585,5.33,13.695,15.89,0 days 00:06:04,168183,2545,894.753,2040561,4.71,709 days 23:39:23.759999992,7,17,Friday,False,0.025692099129524807,0.00035080625981068355,0.0010345811730009989,0.007521524045093469,0.015132236122342197,364.0,61342763.75999999,High
6aaIbd-GpZs,Should You Major in Data Science? (Jaemin Lee) - KNN EP. 04,2020-07-08,173,29,0,223,5,29,5.097,9.661,17.97,0 days 00:03:33,5799,24,29.56,140871,2.04,14 days 07:34:46.560000,7,8,Wednesday,False,0.03844827586206897,0.0,0.02982758620689655,0.005,0.004137931034482759,213.0,1236886.56,Low
QN3wXPZSjpE,Do You Have a Data Science Mentor? (@Danny Ma) - KNN EP. 06,2020-07-30,172,10,1,115,9,10,3.52,7.263,16.61,0 days 00:06:20,2188,760,7.701,110441,0.96,9 days 15:19:39,7,30,Thursday,False,0.052535404294198264,0.00045682960255824577,0.07857469164001828,0.0045682960255824575,0.34719049794426676,380.0,832779.0,Low
SVtRsDhHlDk,Why I Quit Data Science,2021-02-12,165,197,159,2274,85,832,4.042,9.855,40.99,0 days 00:02:16,98777,747,399.18,659163,8.62,156 days 12:04:05.880000,2,12,Friday,False,0.02302132053696167,0.0016096701694709348,0.0016704124400170079,0.0019943712162627304,0.00756241268298609,136.0,13521845.88,High
zF_Q2v_9zKY,Scrape Twitter Data in Python with Twitterscraper Module,2019-04-18,161,455,11,783,2,365,2.924,10.454,35.96,0 days 00:02:15,41506,363,121.302,262907,7.71,65 days 07:20:42.360000,4,18,Thursday,False,0.01886428795142988,0.0002650155395475462,0.003878863806104994,0.010962006408557592,0.008745512805069024,135.0,5642442.36,High
rbrdNTpZGo,Building a Deep Learning BEAST (NVIDIA TITAN RTX + RYZEN 3900X),2020-07-24,158,23,9,247,10,65,3.222,7.571,27.73,0 days 00:02:40,7865,55,25.339,130969,3.31,14 days 14:09:52.560000,7,24,Friday,False,0.03140096618357488,0.0011441647597254005,0.02008644800406814,0.0029239766081871343,0.00699211797609967,160.0,1260592.56,Low
myhoWUrSP7o,I Built the FIRST EVER YouTube Subscriber LEADERBOARD,2020-12-07,151,60,7,675,18,278,2.686,10.189,17.48,0 days 00:01:59,21008,260,56.411,256546,1.72,29 days 00:50:22.200000,12,7,Monday,False,0.03212908753391404,0.00033319053738873814,0.007187395877957066,0.0028559188919034697,0.012375648531581704,119.0,2508622.2,High
2qVWurPFwfc,Is Data Science Dying?,2021-11-19,148,408,56,2378,34,981,5.272,9.354,34.98,0 days 00:03:12,70043,947,368.53,1071989,3.78,155 days 16:49:08.400000,11,19,Friday,False,0.033950088515790074,0.0007994974587402204,0.0021129575695277253,0.005824910056535891,0.013520073096910513,192.0,13452548.4,High
zGlJ-QndG8E,How to Get a Data Science Job at FAANG (@Data Science Jay) - KNN EP. 03,2020-06-26,135,49,5,450,13,142,5.161,10.256,27.81,0 days 00:03:50,11872,129,61.23,170724,3.5,31 days 15:16:54.480000,6,26,Friday,False,0.03790112018866335,0.00042112355765181505,0.011370336056599007,0.0041270108649877875,0.010864987787416827,230.0,2733414.48,High
BBDiadC8BvE,5 Essential Data Science Projects for Your Portfolio,2020-09-26,134,381,23,2462,16,961,4.502,11.302,35.67,0 days 00:02:27,51092,945,229.705,534014,5.45,87 days 07:50:52.800000,9,26,Saturday,True,0.04818664004853894,0.0004501595130448398,0.0026226684673047187,0.007456990194351477,0.018495684340320593,147.0,7545052.8,High
mEZ1Hj5yQ-8,How to Build a Data Science Portfolio Website with Hugo & Github Pages [feat. Data Professor],2020-05-29,131,514,16,1559,9,524,5.657,13.458,11.48,0 days 00:04:55,44924,515,253.83,471036,4.63,153 days 19:04:24.240000,5,29,Friday,False,0.034702281580411797,0.0003561491374513077,0.0029159710628825822,0.011441291040623261,0.011463550361713967,295.0,13287864.24,High
fhi4dOhmW-g,Data Science Project from Scratch - Part 3 (Data Cleaning),2020-04-08,129,283,8,1301,8,520,4.323,12.468,16.98,0 days 00:07:26,50234,512,216.892,629607,4.82,259 days 19:27:58.320000,4,8,Wednesday,False,0.025898278092963075,0.00015925151786602966,0.0025679307255897284,0.005633522444510799,0.010192097143425899,446.0,22447678.32,High
yukdXV9LR48,The Projects You Should Do To Get A Data Science Job,2019-07-30,124,868,87,5218,53,2793,3.836,11.586,25.41,0 days 00:03:15,131630,2740,504.669,1748467,4.36,298 days 01:44:37.320000,7,30,Tuesday,False,0.039641117973729594,0.0006609385327164573,0.0009420273339866749,0.006594191337906724,0.020815765283253945,195.0,25753477.32,High
g7on3Rw0Ovg,Fast Cars to Faster Data (Alex Castrounis) - KNN EP. 12,2020-09-09,118,19,1,75,4,4,5.427,10.719,11.37,0 days 00:06:13,1823,655,9.893,114125,0.76,7 days 21:20:00.240000,9,9,Wednesday,False,0.04111842105263158,0.0005482456140350877,0.06469298245614036,0.010416666666666666,0.35910087719298245,373.0,681600.24,Low
hOUrxTeBJQc,The 7 Biggest Data Science  Beginner Mistakes,2021-04-23,117,181,13,2252,23,1053,7.726,13.924,38.26,0 days 00:03:49,48261,1030,372.245,676516,3.45,128 days 10:28:47.280000,4,23,Friday,False,0.04666197007998011,0.00026936305996436117,0.002424267539679251,0.0037503626041191828,0.021341842443330157,229.0,11096927.28,High
xpIFS6jZbe8,How I Would Learn Data Science in 2022 (If I Had to Start Over),2021-12-27,109,767,53,4413,46,2553,6.836,13.534,36.77,0 days 00:04:29,79283,2507,528.286,1420968,3.31,247 days 17:32:31.200000,12,27,Monday,False,0.055660662933252614,0.0006684829221532718,0.0013748045002774834,0.009674083043236971,0.03162050350638212,269.0,21403951.2,High
SLC5sPZSLY4,How YOU Can Land a Sports Analytics Job,2019-12-02,106,420,17,2323,16,1860,4.247,8.588,37.9,0 days 00:03:03,50498,1844,214.234,561044,6.12,107 days 05:17:00.599999999,12,2,Monday,False,0.04600091090912691,0.0003366403295114755,0.0020990514663656707,0.008316996376165864,0.03651557456583299,183.0,9263820.6,High
m5pwx3hgtzM,3 Reasons You Should NOT Become a Data Scientist,2019-12-16,101,197,93,2783,45,1180,4.79,9.253,46.02,0 days 00:02:51,93329,1135,446.851,1316053,5.41,185 days 09:58:18.840000,12,16,Monday,False,0.02981892210436087,0.0009964641594342656,0.0010821815064823745,0.0021107896710596805,0.012161148612450445,171.0,16019898.84,High
n3vw0M5RrPU,How I Learned Data Science,2020-01-27,101,482,253,2514,51,2090,8.027,13.707,25.84,0 days 00:03:28,87169,2039,699.558,5447045,1.14,210 days 03:09:05.760000,1,27,Monday,False,0.028840197315590226,0.0029023746701846965,0.0011586555007456693,0.005529425260984284,0.023391074911093265,208.0,18155345.76,High
zSwM5uVeylU,Math Needed for Mastering Data Science,2019-12-09,98,274,15,2529,16,889,4.539,10.363,49.15,0 days 00:02:23,48401,873,219.501,523606,5.8,80 days 02:46:04.440000,12,9,Monday,False,0.05224990702863518,0.00030990454939878515,0.00202470972273873,0.005660923102351142,0.0180364447750093,143.0,6921964.44,High
qV_AlRwhI3I,What is the #66DaysOfData?,2020-12-26,96,541,13,1827,33,2395,4.335,12.805,29.91,0 days 00:02:20,52921,2362,228.911,338516,3.44,86 days 06:52:49.080000,12,26,Saturday,True,0.034522504818412,0.00024564453346434377,0.0018139904009674616,0.010222591738785381,0.04463172215713692,140.0,7455169.08,High
1aXk2RViq3c,How to Make A Data Science Portfolio Website with Github Pages,2020-05-15,93,584,32,2778,9,1234,5.684,14.666,23.81,0 days 00:03:17,69141,1225,392.228,1043886,3.95,157 days 23:35:49.559999999,5,15,Friday,False,0.040178184027074716,0.00046281565473952154,0.0013450579965867346,0.008446385698996268,0.01771716178299731,197.0,13649749.56,High
QWgg4w1SpJ8,Data Science Project from Scratch - Part 4 (Exploratory Data Analysis),2020-04-10,85,302,7,1408,6,573,4.43,12.003,13.16,0 days 00:09:01,47193,567,208.805,716168,3.91,296 days 00:31:34.320000,4,10,Friday,False,0.029834300970462347,0.0001483239394838327,0.0018010764080179683,0.006399118532016782,0.012014239098190448,541.0,25576294.32,High
BZFfNwj7JhE,Different Data Science Roles Explained (by a Data Scientist),2020-05-22,82,465,100,1589,9,863,6.147,12.346,34.82,0 days 00:01:41,44974,854,276.316,2927350,0.85,52 days 17:58:23.160000,5,22,Friday,False,0.03533073929961089,0.0022234574763757642,0.0018232351306281267,0.010339077265147304,0.018988326848249026,101.0,4557503.16,High
MpF9HENQjDo,Data Science Project from Scratch - Part 1 (Project Planning),2020-04-03,82,744,21,3197,22,3184,4.334,11.954,30.37,0 days 00:02:16,102854,3162,445.187,778177,5.35,161 days 23:25:23.880000,4,3,Friday,False,0.031082591998444414,0.00020417092022750473,0.0007972388313645423,0.0072334840309173105,0.03074230713139857,136.0,13994723.88,High
XjC3FPL-S78,Why You're Struggling to Learn Data Science,2020-06-12,82,60,9,1000,28,256,3.125,7.179,46.21,0 days 00:02:53,14552,228,45.465,252084,3.45,29 days 04:30:31.320000,6,12,Friday,False,0.06871435442864014,0.0006184291898577613,0.005634577063148492,0.0041228612657184084,0.01566687280972995,173.0,2521831.32,High
a3VWq9smqhM,How to ULTRALEARN Data Science,2020-03-27,79,230,25,3530,19,2136,4.58,12.682,40.98,0 days 00:03:08,55316,2117,253.249,498384,3.3,120 days 10:00:19.440000,3,27,Friday,False,0.06381401739067556,0.0004519406330784388,0.0014281324005278667,0.004157853824321637,0.0382703328090822,188.0,10404019.44,High
domVw8isGOI,How I Chose My Masters Degree for Breaking into Data Science,2020-10-30,79,55,8,527,14,184,6.283,14.776,43.15,0 days 00:03:24,18633,170,116.91,315342,3.4,44 days 02:37:59.880000,10,30,Friday,False,0.028281635719652247,0.00042932274337233016,0.00423956209080176,0.0029515938606847697,0.009123108296662016,204.0,3811079.88,High
 pdXWmj9xxU,How I Learn Data Science Through Studying Other People's Code | #66DaysOfData,2020-09-04,78,80,3,691,10,109,5.07,10.472,31.24,0 days 00:04:30,10588,99,53.677,185980,3.09,33 days 03:44:43.080000,9,4,Friday,False,0.06525639814902257,0.0002833128718481443,0.007366134668051752,0.007555009915950515,0.009349324770988762,270.0,2864683.08,High
7JCterBrcvk,Discouraged with Data Science? - Watch THIS video.,2021-05-28,76,58,1,388,24,60,7.307,11.354,33.91,0 days 00:03:38,6825,36,49.835,180455,2.32,17 days 06:00:10.800000,5,28,Friday,False,0.05684148842660416,0.0001464986815118664,0.011133899794901847,0.00849692352768825,0.00527395253442719,218.0,1490410.8,Low
xjhW1rSQeik,Data Science Advice for College Students,2020-02-14,74,151,12,1786,20,1719,1.039,7.311,23.07,0 days 00:02:30,62154,1699,64.526,125961,3.54,108 days 08:47:11.400000,2,14,Friday,False,0.028734615075215186,0.0001930657227897997,0.0011905719572037647,0.0024294103451049797,0.02733488858498914,150.0,9362831.4,High
EMq4PH7PCeA,How to Go From Data Analyst to Data Scientist,2021-04-02,123,159,3,1176,24,613,4.373,13.521,33.55,0 days 00:02:15,40202,589,175.663,325998,4.9,62 days 21:55:26.400000,4,2,Friday,False,0.02925154839191105,7.462129691814044e-05,0.003059473173643758,0.003954928736661444,0.014650647961594905,135.0,5435726.4,High
SsGKZe4dVyk,How a Subscriber Landed a Data Analyst Job in Less Than a Year (Ray Ojel) - KNN EP. 09,2020-08-19,72,133,4,1025,8,280,4.204,10.708,18.91,0 days 00:06:45,25141,272,105.647,483432,2.96,118 days 01:44:14.640000,8,19,Wednesday,False,0.04076843528756662,0.00015909633282952827,0.002863733990931509,0.005289953066581816,0.010818550632407923,405.0,10201454.64,High
S4Lei5mOppc,How I Learned to Learn.,2021-07-31,71,210,12,1455,23,336,7.008,16.922,31.68,0 days 00:05:17,23506,313,163.843,448761,2.48,86 days 10:42:14.040000,7,31,Saturday,True,0.0618964563746969,0.0005104862381418301,0.003020376909005828,0.008933509167482027,0.013315182711532736,317.0,7468934.04,High
ji7DtgUeKCI,7 Things to Look For in a Masters For Data Science (feat. @Tina Huang),2020-11-20,71,111,9,618,19,141,8.328,14.19,41.96,0 days 00:03:50,18307,122,152.286,286019,3.96,48 days 21:31:54.480000,11,20,Friday,False,0.03375573519772777,0.0004915883766659384,0.0038780860825868473,0.00606292331221324,0.006663753550360498,230.0,4224714.48,High
r-DR9HBaipU,Kaggle Project From Scratch - Part 1 (Data Science Profession Survey),2021-01-02,71,162,8,951,14,379,4.289,10.246,25.64,0 days 00:03:49,25722,365,110.216,339622,4.13,68 days 05:39:07.920000,1,2,Saturday,True,0.03697080433852972,0.0003110057147300082,0.0027601757182288225,0.006297865723282665,0.014189635734556623,229.0,5895547.92,High
vQGJvmhpq_s,The Plagiarism Problem in Data Science,2020-08-07,71,39,11,631,9,132,3.184,7.453,40.51,0 days 00:03:09,12675,123,40.357,195384,4.04,27 days 18:03:16.920000,8,7,Friday,False,0.04977911012937835,0.0008677816345850426,0.005601136005048911,0.0030766803408015147,0.00970337645945093,189.0,2397796.92,High
WRF_dKZ_i24,Sh*t Data Scientists Say (Parody),2020-10-05,69,47,6,568,11,20,2.376,6.882,63.66,0 days 00:01:21,8724,345,20.731,119596,3.75,8 days 05:28:35.400000,10,5,Monday,False,0.06510028653295129,0.0006876790830945558,0.007908309455587393,0.005386819484240688,0.03954154727793696,81.0,710915.4,High
8nTmuKI2oyA,How I Use Data to Optimize My Life | What I Collect & How I Analyze It,2021-05-14,67,77,6,457,9,66,6.795,12.937,38.68,0 days 00:03:15,9135,57,62.009,167823,3.02,20 days 15:40:15.600000,5,14,Friday,False,0.050021891418563925,0.0006567425569176883,0.007333625218914185,0.008428196147110333,0.006239054290718038,195.0,1784415.6,High
QQLToUlgN7A,The Best Computer for Data Science Beginners,2020-07-10,66,98,36,691,16,311,3.521,7.619,40.7,0 days 00:02:40,27597,295,97.057,263909,7.16,51 days 08:34:11.280000,7,10,Friday,False,0.025038046235234437,0.0013044423508949924,0.002391477643307486,0.003550981955214146,0.010689180375389521,160.0,4437251.28,High
iGUiLWFDWfk,Don't Buy My Course..,2020-08-21,66,11,10,361,17,42,3.83,9.529,27.28,0 days 00:02:22,7196,25,27.558,104975,4.39,11 days 21:12:51.120000,8,21,Friday,False,0.05015978880088926,0.0013894678338196471,0.00917048770320967,0.0015284146172016117,0.003473669584549118,142.0,1026771.12,Low
jf3j0lWmFPU,The 5 Pillars of Success I Live By,2020-09-11,65,40,4,864,15,77,5.275,11.366,41.62,0 days 00:04:01,9743,62,51.398,142171,3.82,27 days 05:14:09.600000,9,11,Friday,False,0.08866995073891626,0.00041050903119868636,0.006670771756978653,0.004105090311986864,0.006362889983579639,241.0,2351649.6,High
o-wsyxWbPOw,We Need to Talk About The LinkedIn Machine Learning Assessment.,2022-01-03,65,36,12,592,10,78,5.321,12.49,45.08,0 days 00:02:46,11808,68,62.568,166915,3.32,22 days 17:37:59.520000,1,3,Monday,False,0.050131255821830804,0.0010161741044965704,0.005504276399356423,0.0030485223134897113,0.005758319925480566,166.0,1964279.52,High
YR9Faf1uZDg,Unboxing the Ultimate Z by HP Data Science Package (FIRST EVER HP Workstation w/ Data Science Stack),2020-12-10,64,57,14,366,10,87,5.326,9.356,32.4,0 days 00:03:00,9268,77,49.296,168974,3.04,19 days 08:36:26.640000,12,10,Thursday,False,0.0394864602438235,0.001510411047577948,0.006904736217499191,0.006149530693710217,0.008307260761678713,180.0,1672586.64,High
vwvdtXMcNzI,Why Is Data Engineering So HOT Right Now?,2021-11-26,63,174,9,786,16,278,4.452,10.231,42.92,0 days 00:03:04,17268,262,76.731,299897,2.94,36 days 19:14:02.760000,11,26,Friday,False,0.045515084834095776,0.0005211650935201807,0.0036481556546412645,0.010075858474723493,0.015171694944698593,184.0,3179642.76,High
FqNpDNmpcEo,How Zillow Lost $500 MILLION With Machine Learning,2021-12-03,62,309,4,869,16,142,7.098,15.168,44.63,0 days 00:05:06,16933,126,119.891,312137,2.63,60 days 00:00:20.880000,12,3,Friday,False,0.05131687728829574,0.0002362111727884729,0.0036612731782213297,0.018247313097909532,0.007440651942836897,306.0,5184020.88,High
Uf0dO-pgOrk,Dealing with Doubt in Data Science (My Impostor Syndrome Story),2020-10-16,62,44,4,446,7,56,4.541,10.853,49.06,0 days 00:02:50,6282,49,28.529,141649,2.37,12 days 09:02:16.800000,10,16,Friday,False,0.07098519815374821,0.0006366385484641095,0.009867897501193698,0.007003024033105204,0.007798822218685341,170.0,1069336.8,Low
rEWPqw6rMGI,The Only Data Science Explanation You Need,2022-01-10,62,141,5,722,28,136,5.971,12.045,35.49,0 days 00:04:40,10277,108,60.498,215491,2.22,33 days 09:33:17.639999999,1,10,Monday,False,0.07024712979178828,0.0004864759680871765,0.0060323020042809886,0.013718622300058377,0.010507880910683012,280.0,2885597.639999999,High
uic34RTaI-w,How I Balance Data Science and Content Creation (7 Secrets),2021-01-23,62,49,0,284,17,49,3.257,11.302,20.87,0 days 00:02:50,6776,32,22.063,154264,1.17,13 days 08:05:26.160000,1,23,Saturday,True,0.041906448280950276,0.0,0.009148590821897595,0.007230337907628745,0.004721853327431017,170.0,1152326.16,Low
KU__lDJj5iU,How Data Science Projects Pay Off,2021-05-22,60,49,3,565,19,150,4.805,11.344,43.05,0 days 00:02:46,9342,131,44.874,175035,3.33,17 days 23:10:54.840000,5,22,Saturday,True,0.06047308145135395,0.00032109600770630417,0.006421920154126084,0.005244568125869635,0.014021192336508616,166.0,1552254.84,High
KQ80oD_boBM,Kaggle Project From Scratch - Part 2 (Exploratory Data Analysis),2021-01-08,59,71,2,557,13,138,6.656,12.332,17.09,0 days 00:06:14,14711,125,97.815,256448,3.01,63 days 18:10:34.680000,1,8,Friday,False,0.03786025013594345,0.00013594344752582924,0.004010331702011963,0.004825992387166939,0.008496465470364329,374.0,5508634.68,High
7O4dpR9QMIM,Data Science Project from Scratch  - Part 5 (Model Building),2020-04-13,58,187,8,644,4,199,4.359,11.016,15.19,0 days 00:06:55,27648,195,120.399,449982,3.44,132 days 21:43:31.440000,4,13,Monday,False,0.023291981626821945,0.0002893413866685956,0.0020977250533473183,0.0067633549133784224,0.007052696300047018,415.0,11483011.44,High
AqPquogHwq0,Where to Start Learning Data Science,2020-07-03,58,70,7,724,14,200,3.357,8.208,49.09,0 days 00:02:11,16882,186,56.64,190702,4.78,25 days 16:58:53.040000,7,3,Friday,False,0.04288337380797252,0.000414618255049458,0.0034354083989812235,0.0041461825504945805,0.011016999348457028,131.0,2221133.04,High
UcilY6HDuL8,10000 Subscriber and 100th Video Special (Data Science),2020-05-13,58,12,4,149,2,53,0.0,11.442779279279279,24.01,0 days 00:00:41,3064,51,0.0,400077,0.49,1 days 11:04:27.480000,5,13,Wednesday,False,0.04861337683523654,0.0013050570962479609,0.01892332789559543,0.003915171288743882,0.0166394779771615,41.0,126267.48,Low
agHKuUoMwvY,Data Science Project from Scratch - Part 7 (Documenting Your Work),2020-04-17,58,121,2,539,5,152,2.746,10.347,18.97,0 days 00:02:14,12427,147,34.1,137679,6.18,19 days 09:40:02.640000,4,17,Friday,False,0.04336981010621178,0.000160926939169617,0.004666881235918893,0.009736079819761828,0.011828130028966849,134.0,1676402.64,High
3Mm1U1CbzNw,Is Data Science Right For You?,2019-08-18,57,243,184,1018,30,744,6.178,14.178,32.24,0 days 00:02:06,44051,714,272.051,182811,5.88,64 days 10:33:50.760000,8,18,Sunday,True,0.023109052937437573,0.004176881866884591,0.0012939253609370743,0.005516208117679107,0.01620811767910651,126.0,5567630.76,High
35g8fCi-kbw,7 Incredible Books That Transformed My Health and My Life,2021-11-12,56,60,1,343,17,40,3.942,9.322,27.05,0 days 00:03:34,6192,23,24.375,126506,2.29,15 days 08:57:28.440000,11,12,Friday,False,0.05538511222347812,0.00016147263038914905,0.009042467301792347,0.009688357823348943,0.003713870498950428,214.0,1328248.44,Low
OtqQYqRNDGI,ðŸŒ¶ Hot Topics in Tech: Data Science Explained #SHORTS,2021-01-29,56,25,26,380,18,53,2.698,10.302,60.78,0 days 00:00:35,8009,35,10.292,178890,1.64,3 days 07:46:21,1,29,Friday,False,0.04744069912609238,0.0032459425717852684,0.006991260923845194,0.003121098626716604,0.004369538077403246,35.0,287181.0,Low
RRSRKf9eQxc,Should You Get A Masters in Data Science?,2018-11-14,56,41,10,276,2,81,7.398,15.205,45.22,0 days 00:02:32,18488,79,136.708,173610,8.4,32 days 14:35:37.320000,11,14,Wednesday,False,0.014927794905078695,0.0005408621342419817,0.0030288279517550975,0.002217534750392125,0.004272810860511656,152.0,2817337.32,High
YbTMIxjk4hI,The YouTube Algorithm EXPLAINED! (Tips from a Data Scientist),2020-08-14,54,79,6,525,10,112,5.741,9.524,39.1,0 days 00:03:32,5700,102,32.653,110468,2.38,14 days 00:44:37.680000,8,14,Friday,False,0.09208910717417997,0.0010524469391334855,0.009472022452201368,0.013857218031924223,0.017891597965269252,212.0,1212277.68,Low
k8YxyrcAXJs,Is Data Visualization Important for Data Science? (A Data Scientist's Perspective),2021-08-20,54,53,2,481,37,84,4.843,11.484,38.01,0 days 00:02:14,10403,47,50.319,322856,1.95,16 days 05:54:22.680000,8,20,Friday,False,0.046232218377547096,0.00019223375624759708,0.005190311418685121,0.005094194540561323,0.004517493271818531,134.0,1403662.68,High
hcHSSyHbgMQ,My Regrets as a Data Science Student,2021-03-12,53,85,9,749,15,172,6.264,12.904,35.51,0 days 00:02:55,20150,157,126.139,216390,3.97,40 days 23:58:59.520000,3,12,Friday,False,0.03716937124708451,0.00044662795891022776,0.0026301424246935635,0.004218152945263262,0.0077911766165450844,175.0,3542339.52,High
XGBigjVy2Eo,The Secret Data Scientists Don't Want You to Know,2020-03-16,52,61,5,1079,6,194,4.652,11.833,61.59,0 days 00:02:16,9503,188,44.203,148629,4.1,15 days 00:57:23.760000,3,16,Monday,False,0.11353114478114477,0.0005260942760942761,0.005471380471380472,0.006418350168350169,0.01978114478114478,136.0,1299443.76,High
UpaEjBOMNqs,5 Proven Strategies to Break into a Data Science Job,2020-10-02,51,34,2,356,10,48,3.77,10.216,41.39,0 days 00:02:18,8168,38,30.787,126253,2.69,13 days 01:41:24,10,2,Friday,False,0.04357938548169911,0.0002448280083241523,0.006243114212265883,0.004162076141510589,0.0046517321581588935,138.0,1129284.0,Low
rdo8YBasqqA,Reviewing Your Data Science Projects - Episode 13 (BONUS LinkedIn Review),2020-07-27,50,37,2,248,6,36,3.235,8.081,30.52,0 days 00:03:42,5106,30,16.516,119577,2.68,13 days 04:02:56.760000,7,27,Monday,False,0.04856079890346583,0.00039161934599569217,0.009790483649892304,0.007244957900920305,0.005874290189935382,222.0,1137776.76,Low
yUrrf3Pm33s,Find a Data Science Project With These 3 Techniques,2020-11-06,49,64,8,600,9,92,3.731,11.179,28.2,0 days 00:02:24,13931,83,51.968,195074,2.51,23 days 07:46:13.080000,11,6,Friday,False,0.04306632213608958,0.0005742176284811944,0.0035170829744473157,0.004593741027849555,0.005957507895492392,144.0,2015173.08,High
1FrY7ARSf10,9 Ways You Can Make Extra Income as a Data Scientist,2019-11-18,48,237,30,1573,14,617,5.277,14.503,37.42,0 days 00:03:58,39347,603,207.518,542054,4.36,108 days 17:37:51.960000,11,18,Monday,False,0.039976618887872316,0.0007624275693809088,0.001219884111009454,0.00602317779810918,0.015324794144556267,238.0,9394671.96,High
NCyPY-jfb3I,How to Scrape NBA Data Using the nba_api Python Module,2019-12-23,48,82,1,426,1,210,4.774,15.916,25.21,0 days 00:04:09,11724,209,55.926,113730,5.48,33 days 20:06:38.880000,12,23,Monday,False,0.03633262260127932,8.528784648187633e-05,0.004093816631130064,0.00699360341151386,0.017825159914712153,249.0,2923598.88,High
0rHU6qAQe0,git for Data Science Made Simple... (Hopefully),2020-10-23,48,76,7,638,14,127,3.879,10.486,38.21,0 days 00:02:29,12643,113,48.982,184664,3.46,21 days 22:04:37.920000,10,23,Friday,False,0.05045871559633028,0.0005536222714330908,0.0037962670041126224,0.0060107560898449855,0.008937045238848466,149.0,1893877.92,High
pPfw2fzwNiM,MARCH MADNESS - Will My Machine Learning Model Beat Your Bracket?,2021-03-19,48,41,2,260,6,281,5.501,11.858,26.07,0 days 00:02:22,9370,275,51.333,154187,1.74,15 days 09:44:44.160000,3,19,Friday,False,0.027745171273076512,0.00021342439440828086,0.005122185465798741,0.004375200085369757,0.02934585423113862,142.0,1331084.16,High
4039x4r-hGE,6 Lessons from #66DaysOfData,2020-11-13,47,46,2,337,11,38,4.445,10.279,32.81,0 days 00:02:37,6352,27,28.224,164727,2.12,11 days 13:16:04.800000,11,13,Friday,False,0.05304580513143397,0.00031481189988981584,0.007398079647410672,0.007240673697465764,0.004249960648512514,157.0,998164.8,Low
KfpOuSH9gDc,Kaggle vs Github - Which is Best for Your Data Science Portfolio?,2021-06-25,47,42,11,416,13,47,4.395,11.005,43.38,0 days 00:02:43,8832,34,38.723,178720,2.89,16 days 18:18:25.560000,6,25,Friday,False,0.04709611683459753,0.0012453300124533001,0.0053209555077550095,0.004754896411185328,0.003849201856673837,163.0,1448305.56,High
WnB1jsDu900,Reviewing Your Data Science Projects - Episode 8 (College Student Help),2020-06-15,47,24,4,165,24,34,2.327,6.032,29.64,0 days 00:03:23,4050,10,9.42,124375,1.91,9 days 12:26:35.160000,6,15,Monday,False,0.040730683781782274,0.0009874105159219946,0.011602073562083436,0.005924463095531967,0.0024685262898049864,203.0,822395.16,Low
lUUqrRgerd8,What It's Like to be a Socially Distanced Data Scientist (A Day in the Life),2020-04-24,47,35,13,450,4,242,6.976,10.703,27.13,0 days 00:03:59,14348,238,100.089,867871,1.23,39 days 19:55:28.200000,4,24,Friday,False,0.03136107045787163,0.0009059864798940693,0.0032754895811554813,0.002439194368945571,0.016586521708829884,239.0,3441328.2,High
4CpmB4TR2C4,Work From Home Data Scientist: Day in the Life,2019-04-12,46,54,44,728,6,418,3.426,10.963,46.79,0 days 00:02:34,26586,412,91.069,353031,5.57,47 days 15:38:58.200000,4,12,Friday,False,0.027381803136871403,0.0016549441456350847,0.0017301688795275886,0.002031067815097604,0.015496295181855795,154.0,4117138.2,High
nrEJGGxcoTc,Is Your Phone REALLY Listening to You?,2021-07-03,46,69,6,273,15,16,4.367,9.965,50.14,0 days 00:02:31,4569,67,19.933,136065,1.95,8 days 00:10:52.320000,7,3,Saturday,True,0.05973741794310722,0.001312910284463895,0.010065645514223195,0.015098468271334792,0.014660831509846827,151.0,691852.32,Low
C4OPn58BLaU,How to Set Up Your Data Science Environment (Anaconda Beginner),2020-02-21,45,459,46,1609,14,1207,7.352,14.368,35.83,0 days 00:03:33,75351,1193,552.927,996148,4.49,186 days 13:35:26.880000,2,21,Friday,False,0.02135311604204268,0.0006104682025692749,0.0005971971546873341,0.006091410977810808,0.015832360123155323,213.0,16119326.88,High
ITAxTid_1YU,My Daily Battle With Time - Will I Win? [Vlog],2021-03-08,45,6,2,193,10,12,3.217,8.312,47.53,0 days 00:02:51,3615,388,11.628,115355,1.72,7 days 04:18:08.280000,3,8,Monday,False,0.053373893805309734,0.0005530973451327434,0.012444690265486726,0.00165929203539823,0.10730088495575221,171.0,620288.28,Low
n7kjelw9s2w,Why Kaggle Should Be Your Favorite Data Science Resource #shorts,2021-05-07,44,46,12,640,9,96,1.807,8.816,52.84,0 days 00:00:31,14780,87,13.458,242413,2.5,5 days 08:00:06.120000,5,7,Friday,False,0.04329882957851296,0.0008118530545971179,0.0029767945335227655,0.003112103375955619,0.005885934645829105,31.0,460806.12,High
nUOh_lDMHOU,Data Science Project from Scratch -  Part 6 (Putting the Model into Production),2020-04-15,44,138,11,549,3,132,2.837,9.694,14.37,0 days 00:05:17,18329,129,51.945,344921,3.43,67 days 06:47:01.320000,4,15,Wednesday,False,0.02995090016366612,0.0006001091107474086,0.0024004364429896343,0.0075286415711947625,0.007037643207855973,317.0,5813221.32,High
ONQ628CXKQ,Data Scientist Reacts: REAL Data Science Job Application Data,2021-04-16,43,89,9,576,14,366,4.803,14.051,21.33,0 days 00:03:25,20158,352,96.734,195209,2.86,47 days 23:32:13.560000,4,16,Friday,False,0.028572845875291433,0.00044645071680142863,0.0021330423136068258,0.004414901532814128,0.017461183590455877,205.0,4145533.56,High
oHUD2T_VXfI,Reviewing Your Data Science Projects - Episode 18 (Job-Worthy GitHub),2020-08-31,43,95,1,714,6,126,5.035,10.143,32.23,0 days 00:03:50,14382,120,72.365,236816,3.84,38 days 10:02:15.719999999,8,31,Monday,False,0.04964193839949941,6.952652436904678e-05,0.002989640547869012,0.0066050198150594455,0.008343182924285614,230.0,3319335.719999999,High
T77uVbLhroQ,How I Got My First Data Science Internship (And How You Can Land One),2019-06-21,42,93,10,1008,11,505,3.614,12.185,39.29,0 days 00:04:08,20328,494,73.386,319581,4.44,58 days 12:31:38.640000,6,21,Friday,False,0.049584337645727776,0.0004919081115647597,0.0020660140685719907,0.004574745437552265,0.024300260711299128,248.0,5056298.64,High
lsXWVPzwZPk,Critiquing MY OWN Data Science Resume,2020-07-06,42,50,5,371,7,57,3.548,10.144,28.84,0 days 00:03:24,10854,50,38.494,152852,3.99,25 days 16:32:26.519999999,7,6,Monday,False,0.034177798249654535,0.00046061722708429296,0.0038691847075080607,0.004606172270842929,0.004606172270842929,204.0,2219546.519999999,High
5v_ulmGv-gc,Inside the Mind of the Ultimate Kaggle Grandmaster (@Abhishek Thakur ) - KNN EP. 10,2020-08-26,41,90,4,562,11,130,3.198,6.993,16.46,0 days 00:06:17,13159,119,42.066,217513,3.19,57 days 11:13:22.800000,8,26,Wednesday,False,0.04270516717325228,0.00030395136778115504,0.003115501519756839,0.006838905775075988,0.009042553191489361,377.0,4965202.8,High
BlSrorP32WM,Why I Have 2 Offices for Data Science & Content Creation,2021-03-26,41,24,1,134,11,18,5.721,10.51,36.31,0 days 00:02:59,3543,788,20.258,124125,1.57,7 days 08:54:44.640000,3,26,Friday,False,0.03781038374717833,0.0002821670428893905,0.011568848758465011,0.006772009029345372,0.22234762979683972,179.0,636884.64,Low
HJH0gfY6EUg,Reviewing Your Data Science Projects - Episode 5 (Very Detailed Project),2020-05-25,41,277,200,503,10,359,9.96,13.443,9.62,0 days 00:01:41,20655,349,205.73,2941130,0.6,24 days 06:01:58.440000,5,25,Monday,False,0.02435127807900852,0.009682416731216111,0.0019848954298993028,0.013410147172734314,0.016895817195972114,101.0,2095318.44,High
6tQtwqthUMI,My First Data Science Contracting Side-Gig (How I Did It),2020-07-31,40,42,3,492,17,121,4.622,10.8,43.22,0 days 00:03:51,8643,104,39.915,155638,3.64,23 days 03:10:39.720000,7,31,Friday,False,0.056918093475242945,0.00034706154558074965,0.004627487274409995,0.004858861638130495,0.012031466913465988,231.0,1998639.72,High
AxP1CL0yaFQ,Should You Learn R for Data Science?,2019-04-25,39,35,13,444,5,142,4.802,10.619,53.42,0 days 00:02:12,15243,137,73.118,155980,7.45,23 days 08:56:12.840000,4,25,Thursday,False,0.02912621359223301,0.0008527945421149305,0.0025583836263447916,0.0022959853056940434,0.008987142482288114,132.0,2019372.84,High
d6FeV8WXPWY,5 Unusual Data Science Projects that Will Land You a Job,2020-10-09,39,48,3,464,10,55,4.179,9.26,53.04,0 days 00:02:38,7354,45,30.709,135694,2.92,13 days 11:56:51,10,9,Friday,False,0.06308633582596873,0.0004078857919782461,0.005302515295717199,0.006526172671651937,0.006118286879673691,158.0,1166211.0,Low
tnpV1etgcxs,The PODCAST you might have asked for?,2020-10-19,39,2,4,94,8,9,3.217,9.61,37.29,0 days 00:00:51,1836,1888,5.906,97476,0.85,1 days 02:26:04.560000,10,19,Monday,False,0.05117038649972782,0.002177463255307567,0.021230266739248774,0.0010887316276537834,1.0277626565051714,51.0,95164.56,Low
8Pi36Nj6P9A,What is Pandas? (Data & Data Science) #shorts,2021-04-30,38,25,12,489,7,64,1.378,8.768,42.62,0 days 00:00:25,12931,57,7.744,190532,1.97,3 days 18:19:56.640000,4,30,Friday,False,0.03781317661614599,0.0009279307145066501,0.002938447262604392,0.0019331889885555213,0.004407670893906588,25.0,325196.64,High
PWmxLYTixAM,Reviewing Your Data Science Resumes - Episode 12 (3 Different Resumes!),2020-07-20,38,147,4,465,13,207,7.921,11.859,23.14,0 days 00:04:06,21053,194,166.547,243435,5.76,59 days 23:51:37.440000,7,20,Monday,False,0.02208606440581362,0.00018998765080269783,0.0018048826826256293,0.006982046166999145,0.009214401063930844,246.0,5183497.44,High
vfV4nm004VQ,How She Dominated the FAANG Data Science Interview  (@Tina Huang ) - KNN EP. 11,2020-09-02,38,80,3,515,5,120,4.089,9.293,12.8,0 days 00:05:43,15766,115,64.43,224947,3.64,62 days 18:04:48,9,2,Wednesday,False,0.03266315722711993,0.00019027081879875688,0.0024100970381175876,0.005073888501300184,0.007293714720619015,343.0,5421888.0,High
0jTtHYie3CU,Should You Be Excited About Web 3? (As a Data Scientist),2022-01-17,37,43,8,267,14,18,4.055,10.288,48.5,0 days 00:02:38,4383,477,16.549,65130,2.95,8 days 00:34:40.440000,1,17,Monday,False,0.060903284671532845,0.0018248175182481751,0.00843978102189781,0.009808394160583942,0.10880474452554745,158.0,693280.44,Low
VN12ZPFsApM,How To Learn Programming for Data Science [3 Steps],2020-01-13,37,117,11,1785,10,513,5.302,13.012,41.96,0 days 00:03:23,25616,503,135.767,366249,4.01,60 days 10:53:08.160000,1,13,Monday,False,0.06968029043213492,0.00042940235000195185,0.0014443533590974744,0.004567279540929851,0.01963539836827107,203.0,5223188.16,High
XWetgrNas-k,What Does a Data Scientist Actually Do?,2019-07-19,37,142,10,905,2,328,8.85,18.056,48.63,0 days 00:03:08,25402,326,224.411,273951,6.6,55 days 07:55:31.800000,7,19,Friday,False,0.0356257134984057,0.00039365429280006296,0.001456520883360233,0.005589890957760894,0.012833129945282053,188.0,4780531.8,High
cnqTU6eJwH0,The TRUTH About My First Data Science Project,2021-10-08,37,22,1,228,21,33,4.338,9.387,45.1,0 days 00:04:05,3966,12,17.075,87610,2.51,11 days 06:47:56.400000,10,8,Friday,False,0.057474161835139904,0.00025207965717166626,0.009326947315351651,0.005545752457776657,0.003024955886059995,245.0,974876.4,Low
s1gD35Z4eUc,Why are APIs Important for Data Science?,2021-07-09,37,38,2,351,7,76,5.662,12.59,52.94,0 days 00:02:50,6540,69,37.014,164540,2.51,12 days 21:41:47.760000,7,9,Friday,False,0.053661519645314175,0.00030576364470264486,0.00565662742699893,0.005809509249350252,0.010548845742241247,170.0,1114907.76,Low
IoUWD1h6xUs,A Quick Data Science Project Tip! #SHORTS,2021-06-03,36,60,5,712,3,68,1.608,8.069,58.57,0 days 00:00:34,12328,65,12.688,154198,2.73,4 days 22:19:38.280000,6,3,Thursday,False,0.05775002027739476,0.0004055478952064239,0.002919944845486252,0.004866574742477086,0.005272122637683511,34.0,425978.28,High
fU3DOXjwufg,What is the Future of my Comment Leaderboard Project?,2021-02-26,36,8,1,197,10,102,2.945,10.539,30.32,0 days 00:01:43,4912,92,14.455,130104,1.02,5 days 21:30:13.680000,2,26,Friday,False,0.04009769997964584,0.0002035416242621616,0.0073274984734378185,0.001628332994097293,0.018725829432118868,103.0,509413.68,Low
15c7WD-lKUY,ML Ops: What is it REALLY?,2021-10-22,35,19,1,219,8,21,5.943,13.314,43.53,0 days 00:02:41,4252,13,25.224,121572,1.83,7 days 22:13:09.840000,10,22,Friday,False,0.05149306371972725,0.00023512814483893723,0.008229485069362802,0.0044674347519398075,0.003056665882906184,161.0,684789.84,Low
pWVQ0vN5uig,How To Get Data Science Experience (Without a Job),2019-08-08,35,135,17,1272,9,603,4.797,11.459,40.33,0 days 00:03:19,26360,594,126.423,369626,4.5,60 days 21:51:02.880000,8,8,Thursday,False,0.04825310117218618,0.000644892075414438,0.0013277189787944312,0.005121201775349949,0.022533287811539775,199.0,5262662.88,High
2OnXytYziF0,What is Sports Analytics Really?,2020-01-20,34,168,2,423,1,227,4.831,9.377,44.13,0 days 00:03:03,13322,226,64.297,173898,5.21,28 days 07:24:57.240000,1,20,Monday,False,0.03174960594460707,0.0001501163401636268,0.002551977782781656,0.012609772573744652,0.01696314643848983,183.0,2445897.24,High
Z_KFh-HqaBA,I Wish I Had Known THIS Before Starting in Data Science,2019-05-14,34,86,14,999,6,274,5.077,11.998,44.42,0 days 00:03:58,23397,268,118.739,407598,4.0,64 days 17:08:53.520000,5,14,Tuesday,False,0.04269595691939482,0.0005983417386101376,0.0014531156509103341,0.0036755278228908454,0.011453970424822634,238.0,5591333.52,High
DM1eE_Coh6g,Avoid These Data Science Resume Mistakes!,2020-02-10,33,79,6,1038,3,358,4.538,11.941,42.16,0 days 00:03:22,22787,355,103.269,391392,3.53,53 days 09:03:56.160000,2,10,Monday,False,0.04555028962611901,0.0002632964718272775,0.0014481305950500263,0.003466736879059154,0.015578374583113919,202.0,4611836.16,High
GO420aMtHfk,Kaggle Project From Scratch - Part 3 (Advanced Graphs & Gender Imbalance Analysis),2021-01-16,33,36,1,239,10,44,4.0,8.997,8.43,0 days 00:05:08,6827,34,27.292,178253,2.1,24 days 08:38:30.840000,1,16,Saturday,True,0.035002929115407144,0.00014645577035735208,0.0048330404217926184,0.005272407732864675,0.00497949619214997,308.0,2104710.84,Low
hpMc6TgT34I,The 5 Stages of Learning Data Science,2020-03-13,33,91,3,1197,4,277,4.608,12.416,50.44,0 days 00:03:33,15398,273,70.941,228644,3.65,38 days 00:34:55.920000,3,13,Friday,False,0.0777323202805377,0.0001948178453146308,0.002142996298460939,0.005909474641210468,0.017728423923631404,213.0,3285295.92,High
jam0xApfC-U,Reviewing Your Data Science Projects - Episode 3 (Student Portfolio),2020-05-11,32,23,13,149,4,67,2.979,7.014,24.55,0 days 00:03:17,4028,63,11.996,302651,0.96,9 days 04:44:36.960000,5,11,Monday,False,0.03698188136013899,0.003226607098535617,0.007942417473318442,0.0057086125589476296,0.01563663440059568,197.0,794676.96,Low
tJI-1mHeXoA,How to Build a Website  - Building my ULTIMATE Portfolio Website,2021-02-19,32,28,13,157,13,21,8.647,19.322,11.83,0 days 00:03:00,5483,765,47.386,105754,2.95,11 days 10:48:04.680000,2,19,Friday,False,0.02862873814733771,0.0023705324580598104,0.005835156819839533,0.005105762217359592,0.13949671772428884,180.0,989284.68,Low
txR8_jGi0Ls,Reviewing Your Data Science Projects - Episode 7 (Incredible Portfolio Website),2020-06-08,32,52,8,309,53,81,3.204,7.9,26.19,0 days 00:03:56,8778,28,28.109,202969,2.99,24 days 01:18:39.600000,6,8,Monday,False,0.03519763070964802,0.0009112655199908873,0.0036450620799635494,0.005923225879940768,0.0031894293199681055,236.0,2078319.6,High
8Vxjp2KVHqs,Reviewing Your Data Science Projects - Episode 21(The Cleanest Portfolio),2020-09-21,31,66,1,371,2,74,3.981,10.698,26.51,0 days 00:04:07,8700,72,34.626,164410,2.9,24 days 22:21:30.600000,9,21,Monday,False,0.042638777152051485,0.00011492931846914148,0.003562808872543386,0.007585335018963337,0.008274910929778187,247.0,2154090.6,High
Ft4GVkQQtgk,Data Science Resume Round-Up With @Tina Huang  - Episode 1,2020-09-28,31,53,2,258,6,50,5.991,13.499,18.64,0 days 00:04:34,9054,44,54.173,170650,2.66,28 days 17:37:00.480000,9,28,Monday,False,0.02849254555494202,0.00022087244616234125,0.0034235229155162895,0.005853119823302043,0.004859193815571507,274.0,2482620.48,High
4yI3vVe0Jos,Data Science Fundamentals: Data Cleaning in Python,2019-08-11,30,115,4,297,3,132,5.718,15.198,14.56,0 days 00:05:03,10430,129,59.526,126771,4.68,36 days 14:57:50.040000,8,11,Sunday,True,0.028472821397756688,0.0003834723420573291,0.0028760425654299686,0.011024829834148212,0.012366983031348864,303.0,3164270.04,High
N97MhZEp2UQ,Advice from a Data Analytics CEO (@How to Get an Analytics Job) - KNN EP. 17,2020-10-14,30,70,7,319,6,65,6.853,12.349,16.98,0 days 00:08:36,9457,59,64.756,221853,2.4,56 days 13:05:28.320000,10,14,Wednesday,False,0.0337280609008247,0.00074011418904631,0.0031719179530556143,0.0074011418904631,0.006238105307676042,516.0,4885528.32,High
zbLpoJVBMI,What the Heck is WSL 2? (My New Favorite Tool),2021-12-17,29,39,6,237,20,27,3.611,9.113,39.53,0 days 00:02:25,5004,766,18.005,132645,1.81,8 days 10:11:37.320000,12,17,Friday,False,0.047352647352647353,0.0011988011988011988,0.005794205794205794,0.007792207792207792,0.15304695304695304,145.0,727897.32,Low
TjGFBQC27ng,Business Skills for Data Science: What are they REALLY?,2021-10-18,29,34,4,228,10,31,6.367,13.744,35.84,0 days 00:03:52,4413,21,28.034,114051,2.01,11 days 21:10:08.040000,10,18,Monday,False,0.051653828726778435,0.0009062075215224287,0.006570004531037608,0.007702763932940644,0.00475758948799275,232.0,1026608.04,Low
UKuK2fXu_dU,Why Data-Viz is so Darn Important (@Story by Data | Kate Strachnyi) - KNN EP. 16,2020-09-30,29,36,5,281,7,29,4.47,11.487,15.53,0 days 00:06:05,6692,22,29.907,150870,2.13,28 days 06:32:20.040000,9,30,Wednesday,False,0.04198416255789631,0.0007470491558344539,0.004332885103839832,0.005378753922008068,0.0032870162856715973,365.0,2442740.04,Low
vy-R4oUZaC8,Data Science Project Example Start to Finish (Deep Learning Image Classifier),2020-03-20,29,108,2,384,3,174,3.336,10.289,15.99,0 days 00:03:52,9757,171,32.538,194945,2.9,26 days 04:53:44.160000,3,20,Friday,False,0.039352326296372205,0.00020496003279360525,0.002971920475507276,0.011067841770854684,0.017524082803853248,232.0,2264024.16,High
Z9dGmL2G-4k,Data Science Fundamentals: Data Exploration in Python (Pandas),2019-07-05,28,78,3,420,4,172,3.47,12.484,23.87,0 days 00:04:33,13658,168,47.361,115289,5.66,43 days 04:11:21.840000,7,5,Friday,False,0.03074895673182517,0.00021963540522732265,0.0020499304487883447,0.005710520535910389,0.012299582692730068,273.0,3730281.84,High
q6Lf2yhvluw,Reviewing Your Data Science Projects - Episode 17 (Best Portfolio Website Yet?),2020-08-24,28,50,0,378,4,99,4.646,11.355,21.91,0 days 00:04:02,9384,95,43.551,169277,2.93,26 days 08:54:50.760000,8,24,Monday,False,0.04027703782631859,0.0,0.0029834842834310068,0.005327650506126798,0.010122535961640916,242.0,2278490.76,High
qfRhKHV8-t4,Predicting Crypto-Currency Price Using RNN lSTM & GRU,2017-11-18,28,114,18,247,1,111,1.326,10.819,34.06,0 days 00:01:45,16558,110,21.944,168508,5.65,20 days 07:13:09.840000,11,18,Saturday,True,0.01491635968355577,0.0010870221631741046,0.0016909233649374962,0.006884473700102663,0.006642913219397306,105.0,1753989.84,High
1Ir1NgCuI0Y,Data Science Resume Round-Up With @Tina Huang  | Episode 3,2020-10-12,27,17,3,119,6,19,6.2,12.602,11.92,0 days 00:04:24,5011,13,31.041,117671,1.78,15 days 08:16:53.760000,10,12,Monday,False,0.023743016759776536,0.0005985634477254589,0.00538707102952913,0.003391859537110934,0.0025937749401436553,264.0,1325813.76,Low
74Z3F7i4qcI,5 Sports Analytics Books to Get You Started,2019-12-13,27,51,0,273,0,135,3.81,8.863,36.76,0 days 00:02:37,7386,135,28.125,112818,4.52,13 days 10:46:19.560000,12,13,Friday,False,0.03695681602815758,0.0,0.003655069717070529,0.006904020576688778,0.018275348585352645,157.0,1161979.56,Low
DW55gaQ_Egk,Reviewing Your Data Science Projects - Episode 1 (Exploratory Analysis),2020-04-27,27,52,5,332,5,142,3.082,8.865,30.76,0 days 00:03:37,7480,137,23.044,161974,2.91,18 days 20:28:42.240000,4,27,Monday,False,0.044379093704050264,0.000668359844940516,0.0036091431626787862,0.0069509423873813665,0.01831305975137014,217.0,1628922.24,Low
UuR3nomI5AE,Reviewing Your Data Science Projects - Episode 14 [Deep Learning Focus],2020-08-03,27,17,2,187,5,32,2.454,6.158,22.37,0 days 00:03:50,4470,27,10.965,111095,2.43,11 days 21:50:30.840000,8,3,Monday,False,0.04182509505703422,0.00044732721986132855,0.006038917468127935,0.0038022813688212928,0.006038917468127935,230.0,1029030.84,Low
akbU9KOo_Qc,How to Stay Productive & Motivated When Learning Data Science,2019-09-29,27,64,1,501,3,132,4.318,14.981,36.25,0 days 00:04:03,9669,129,41.711,102363,3.88,27 days 06:14:02.040000,9,29,Sunday,True,0.05180972078593588,0.00010341261633919338,0.0027921406411582214,0.006618407445708376,0.013340227507755946,243.0,2355242.04,High
KHAuuOQui2U,What You Need to Know for a Data Science Internship,2020-05-01,26,111,3,798,7,284,4.648,10.56,54.02,0 days 00:02:46,12317,277,57.149,194197,4.55,23 days 19:04:01.560000,5,1,Friday,False,0.06478324403312226,0.00024354603019970775,0.0021107322617308004,0.009011203117389186,0.02248741678843968,166.0,2055841.56,High
dlZWB2D-NaQ,The 4 Types of Sports Analytics Projects,2020-02-03,26,134,4,637,10,526,5.546,12.031,40.96,0 days 00:02:53,17982,516,99.587,231123,5.06,36 days 04:39:34.920000,2,3,Monday,False,0.035422343324250684,0.000222432297169549,0.0014458099316020686,0.007451481955179892,0.028693766334871824,173.0,3127174.92,High
iiSZqsQKNX8,#66DaysOfData - What is it? #shorts,2021-06-11,26,30,4,297,2,43,2.968,10.321,68.1,0 days 00:00:32,6101,41,12.009,97878,2.7,2 days 06:14:21.120000,6,11,Friday,False,0.048672566371681415,0.0006555227794165847,0.0042608980662078005,0.004916420845624385,0.0067191084890199934,32.0,195261.12,Low
n6MiRgxN5iA,Why EVERYONE Should Start a Podcast (Including YOU),2021-11-05,25,34,1,189,11,15,4.247,9.533,36.81,0 days 00:02:37,3092,444,13.118,116219,1.28,5 days 14:58:53.400000,11,5,Friday,False,0.061105722599418044,0.00032331070158422246,0.008082767539605561,0.010992563853863564,0.14354995150339475,157.0,485933.4,Low
omdhf8d53FM,Land a Data Science Job in a Different Country (Vijay Pravin Maharajan) - KNN EP. 13,2020-09-16,25,48,3,202,5,25,2.562,5.981,12.09,0 days 00:03:11,4885,20,12.511,96627,2.49,10 days 19:55:28.560000,9,16,Wednesday,False,0.04134261154318461,0.0006139991813344249,0.005116659844453541,0.009823986901350798,0.004093327875562832,191.0,935728.56,Low
B1g_yMKpdwo,Reviewing Your Data Science Projects - Episode 10 (Leveraging Your Data),2020-06-29,24,26,2,176,6,31,2.827,7.571,26.48,0 days 00:03:42,4227,25,11.945,101151,2.39,10 days 21:30:15.120000,6,29,Monday,False,0.041627246925260174,0.0004730368968779565,0.005676442762535478,0.006149479659413435,0.005912961210974456,222.0,941415.12,Low
SaWxVk7rDp4,What is a lambda function (python)? #shorts,2021-05-13,24,22,16,540,5,72,2.097,9.237,66.56,0 days 00:00:37,8275,67,6.943,155550,2.15,3 days 13:40:29.280000,5,13,Thursday,False,0.0652489125181247,0.0019333011116481392,0.0028999516674722086,0.0026582890285161915,0.008095698405026584,37.0,308429.28,Low
K6cNdgN3CI,Reviewing Your Data Science Projects - Episode 4 (Resume & Github),2020-05-18,24,339,41,174,7,195,6.881,10.711,10.32,0 days 00:01:31,10762,188,74.043,750450,1.14,11 days 09:52:19.920000,5,18,Monday,False,0.01616649633001951,0.003809346836383908,0.002229861562761312,0.031496794574003534,0.017467248908296942,91.0,985939.92,High
f6NPw582FFc,Data Science Explained with ... Cooking?,2020-02-07,24,47,1,258,6,52,4.674,12.583,40.54,0 days 00:03:36,3947,46,18.412,100002,2.07,9 days 20:54:38.160000,2,7,Friday,False,0.06534954407294832,0.00025329280648429586,0.0060790273556231,0.011904761904761904,0.01165146909827761,216.0,852878.16,Low
7VcdvSyoxnc,His Startup Will Land You a Data Science Job (Jeremie Harris) - KNN EP. 15,2020-09-23,23,39,3,183,6,20,10.387,15.257,10.56,0 days 00:06:31,4566,14,47.428,122641,1.67,20 days 16:15:20.160000,9,23,Wednesday,False,0.04007006787825706,0.0006568863586599519,0.0050361287497262975,0.008539522662579374,0.003065469673746442,391.0,1786520.16,Low
mR2NCRgtLPE,Reviewing Your Data Science Projects - Episode 6 (Only 3 months of coding experience),2020-06-01,23,74,20,168,10,63,3.635,9.258,18.69,0 days 00:02:56,5504,53,20.002,157262,2.38,11 days 05:30:17.640000,6,1,Monday,False,0.030517711171662125,0.0036330608537693005,0.004178019981834696,0.013442325158946413,0.009627611262488647,176.0,970217.64,Low
oMdVg6GPODA,Why Right NOW is a Great Time to Learn Data Science,2020-03-23,23,28,1,260,2,40,3.956,10.126,56.53,0 days 00:01:48,4027,38,15.919,91868,3.01,5 days 01:24:07.200000,3,23,Monday,False,0.06454816285998013,0.00024826216484607745,0.0057100297914597815,0.006951340615690168,0.009433962264150943,108.0,437047.2,Low
2KkrtG5IsHo,Reviewing Your Data Science Projects - Episode 11(GITHUB CLEANING),2020-07-13,22,11,1,131,11,27,4.334,9.369,31.86,0 days 00:02:58,3352,16,14.529,97864,2.12,6 days 21:51:05.040000,7,13,Monday,False,0.03906949000894721,0.00029824038174768865,0.00656128839844915,0.003280644199224575,0.0047718461079630185,178.0,597065.04,Low
ammCGdzSoag,Building a Burrito Dashboard - Data Science Project from Scratch with atoti,2021-10-29,22,49,2,191,9,45,5.525,10.555,7.6,0 days 00:03:45,5883,36,32.398,137560,2.38,15 days 08:28:33.240000,10,29,Friday,False,0.03246091094493542,0.0003399048266485384,0.0037389530931339226,0.00832766825288919,0.006118286879673691,225.0,1326513.24,Low
irjTWNV0eAY,How to Simulate NBA Games in Python,2018-11-19,22,105,2,308,2,152,3.363,11.128,29.67,0 days 00:02:44,13742,150,46.214,149844,5.45,26 days 05:37:56.280000,11,19,Monday,False,0.022411409444808267,0.00014552863275849522,0.0016008149603434477,0.007640253219821,0.010914647456887142,164.0,2266676.28,High
rLawTH--l2Y,Reviewing Your Data Science Projects - Episode 19 (One Big Improvement),2020-09-07,22,12,0,164,4,16,3.715,8.704,28.76,0 days 00:04:23,3615,143,13.426,104392,2.03,11 days 00:49:11.640000,9,7,Monday,False,0.04535398230088496,0.0,0.006084070796460177,0.00331858407079646,0.03954646017699115,263.0,953351.64,Low
yIJrCFXs0rU,Data Science Fundamentals: Data Manipulation in Python (Pandas),2019-07-13,22,49,3,246,1,63,6.676,15.337,15.42,0 days 00:06:39,8633,62,57.53,103578,4.41,39 days 21:13:13.080000,7,13,Saturday,True,0.02849200833912439,0.00034746351633078526,0.0025480657864257587,0.005675237433402826,0.007180912670836229,399.0,3445993.08,High
EAezvs0eL1s,Data Science Fundamentals: Linear Regression,2019-11-29,20,28,0,140,2,46,4.652,16.891,12.62,0 days 00:04:52,4844,44,22.508,80902,2.89,16 days 09:23:50.280000,11,29,Friday,False,0.02889576883384933,0.0,0.0041279669762641896,0.005779153766769866,0.009081527347781218,292.0,1416230.28,Low
KEBVcVwFzaI,Reviewing Your Data Science Projects - Episode 15 (Quant Finance),2020-08-10,20,39,2,270,5,94,4.752,9.591,25.1,0 days 00:04:02,7705,89,36.566,153306,3.4,21 days 16:01:34.320000,8,10,Monday,False,0.03503763301323644,0.0002595380223202699,0.0025953802232026994,0.005060991435245263,0.01154944199325201,242.0,1872094.32,Low
imMPnCHvbkY,The Data Science Projects that Got Me a Job,2020-03-06,20,149,11,1201,3,718,3.928,9.461,44.97,0 days 00:02:00,33396,715,131.089,437098,5.19,46 days 09:46:29.280000,3,6,Friday,False,0.03596131389046921,0.00032937090157798604,0.0005988561846872473,0.004461478575919993,0.02140910860256909,120.0,4009589.28,High
6fwyyRgZlD0,Reviewing Your Data Science Projects - Episode 9 (Professional Violinist),2020-06-22,19,6,1,83,7,12,2.755,7.205,25.16,0 days 00:02:48,2242,325,6.176,81797,1.71,4 days 08:40:59.160000,6,22,Monday,False,0.03700401248328132,0.00044583147570218456,0.008470798038341507,0.0026749888542131075,0.14489522960321,168.0,376859.16,Low
QBIe4nbmZfA,Reviewing Your Data Science Projects - Episode 2 (Resume and Portfolio),2020-05-04,19,30,6,175,0,59,4.614,12.228,30.05,0 days 00:03:31,4581,59,21.129,139883,1.97,11 days 04:49:57.360000,5,4,Monday,False,0.038192928852029684,0.0013094718463553033,0.004146660846791794,0.006547359231776516,0.01287647315582715,211.0,967797.36,Low
tG_UW_p0UqE,Is Spotify Shuffle Really Random? #Shorts,2021-07-21,19,55,2,385,5,25,1.698,6.764,74.35,0 days 00:00:41,6579,20,5.974,141902,1.87,3 days 04:05:19.680000,7,21,Wednesday,False,0.05851063829787234,0.00030395136778115504,0.002887537993920973,0.008358662613981762,0.00303951367781155,41.0,273919.68,Low
9D7GzskcyUk,5 Tips for Crushing the Work From Home Life,2020-04-20,18,32,14,200,2,50,9.477,17.417,34.98,0 days 00:01:59,4934,48,46.759,580788,0.51,6 days 20:26:56.400000,4,20,Monday,False,0.040526849037487336,0.0028368794326241137,0.00364741641337386,0.006484295845997973,0.009726443768996961,119.0,592016.4,Low
apf6A3Nstm8,Reviewing Your Data Science Projects - Episode 20 (Bootcamp Capstone),2020-09-14,18,17,1,157,4,32,5.985,11.522,25.5,0 days 00:04:56,3673,28,21.971,122141,1.72,12 days 14:04:44.760000,9,14,Monday,False,0.042732716385411,0.00027218290691344586,0.004899292324442025,0.004627109417528579,0.007621121393576484,296.0,1087484.76,Low
RAMxzqSMDKE,Reviewing Your Projects - Episode 16 (Project Review for Beginners),2020-08-17,17,14,2,132,6,20,2.411,6.336,25.19,0 days 00:04:11,2998,14,7.227,88844,1.91,8 days 17:34:00.839999999,8,17,Monday,False,0.044014671557185726,0.0006668889629876625,0.0056685561853951315,0.004668222740913638,0.004668222740913638,251.0,754440.839999999,Low
VvnOXDCVm8k,Project Presentation - Expectations vs. Reality (funny) #shorts,2021-08-07,17,16,5,230,8,6,2.059,8.054,76.6,0 days 00:00:45,5932,932,6.17,133476,1.69,3 days 02:27:59.400000,8,7,Saturday,True,0.038766222821506824,0.0008427439743805831,0.0028653295128939827,0.0026967807180178663,0.15708747682454072,45.0,268079.4,Low
68GGPK3WaqI,Data Science Project - Expectations vs Reality (funny) #shorts,2021-08-06,16,20,10,484,2,38,3.19,10.591,71.96,0 days 00:00:43,14136,36,12.271,166268,3.82,7 days 01:32:20.400000,8,6,Friday,False,0.034236400933720025,0.0007073636556553725,0.0011317818490485959,0.001414727311310745,0.0025465091603593406,43.0,610340.4,High
sICJ6a2wX5g,#66DaysOfData - 3 Reasons to Start!,2021-06-18,16,8,5,184,2,6,1.699,7.284,56.83,0 days 00:00:30,3443,4,2.917,63656,1.9,1 days 04:48:27.360000,6,18,Friday,False,0.053426248548199766,0.0014518002322880372,0.004645760743321719,0.0023228803716608595,0.0011614401858304297,30.0,103707.36,Low
5SjK6YCs4o4,The Data Science Interview: What to Expect,2019-12-30,15,22,1,321,1,59,4.946,15.38,38.45,0 days 00:05:40,6185,58,30.575,134202,2.71,24 days 09:20:21.120000,12,30,Monday,False,0.0518913676042677,0.00016165535079211123,0.0024248302618816685,0.003556417717426447,0.00937601034594245,340.0,2107221.12,Low
WKXtTo7lqmA,Data Science Fundamentals: SQL Queries,2020-01-10,15,42,0,168,1,57,3.455,13.185,12.16,0 days 00:04:11,4774,56,16.489,76962,2.96,13 days 21:06:50.760000,1,10,Friday,False,0.03518324607329843,0.0,0.0031413612565445027,0.008795811518324608,0.011727748691099476,251.0,1199210.76,Low
9ZwVqXUHf6o,When Data Science Goes Wrong,2020-03-30,14,11,1,104,1,20,3.615,10.047,47.49,0 days 00:02:49,1668,19,6.03,71963,1.56,3 days 06:20:21.120000,3,30,Monday,False,0.06231276213301378,0.0005991611743559018,0.008388256440982624,0.006590772917914919,0.011384062312762133,169.0,282021.12,Low
ELFGsNqZrlM,Is it Important to Share Your Data Science Work? (Ft. Eric Weber),2020-07-22,14,8,2,96,5,15,3.522,7.881,20.5,0 days 00:04:02,1795,165,6.322,83137,1.03,5 days 00:43:09.120000,7,22,Wednesday,False,0.053452115812917596,0.0011135857461024498,0.0077951002227171495,0.004454342984409799,0.09187082405345212,242.0,434589.12,Low
LGEuDWjWQes,Applying Data Science To My YouTube Data: My Surprising Findings,2019-11-11,14,11,3,131,4,116,3.464,12.738,13.73,0 days 00:01:54,5642,112,19.53,75996,1.67,7 days 11:13:55.560000,11,11,Monday,False,0.023214602161970584,0.000531632110579479,0.002480949849370902,0.001949317738791423,0.019847598794967215,114.0,645235.56,Low
ZWdyBbgGZBQ,Sports Analytics 101: The Pythagorean Theorem of Sports,2019-11-22,14,56,2,214,2,89,5.362,12.367,48.63,0 days 00:03:02,4343,87,23.254,71531,3.58,9 days 04:36:00,11,22,Friday,False,0.049263351749539594,0.00046040515653775324,0.0032228360957642726,0.01289134438305709,0.020027624309392266,182.0,794160.0,Low
Zz_Mx1UPswI,Thank You For The Support | What's Next | Ken Jee | Data Science,2019-08-26,14,4,0,24,0,7,0.542,12.098,39.37,0 days 00:00:44,506,7,0.274,25885,0.54,0 days 06:18:32.040000,8,26,Monday,False,0.047337278106508875,0.0,0.027613412228796843,0.007889546351084813,0.013806706114398421,44.0,22712.04,Low
ei1m5lDQyBg,Data Science in Sports - Talk for Northwestern (Kellogg) MBA Students,2020-04-22,14,20,2,80,1,29,7.568,12.858,15.98,0 days 00:06:05,2794,28,21.144,330495,0.54,11 days 19:42:03.240000,4,22,Wednesday,False,0.028622540250447227,0.0007155635062611807,0.005008944543828265,0.007155635062611807,0.01001788908765653,365.0,1021323.24,Low
q8cEt8gj3zY,"Data Science, Machine Learning, and AI: What's the Difference?",2019-03-16,14,42,2,131,3,60,5.641,13.808,55.4,0 days 00:02:27,4722,57,26.586,71980,4.32,8 days 01:17:47.040000,3,16,Saturday,True,0.02773660808807961,0.0004234596654668643,0.0029642176582680498,0.00889265297480415,0.012068600465805632,147.0,695867.04,Low
143WWA5Sy9k,I Eat a Papaya Live on Stream (Plus Q&A for 150K Subs!),2021-07-16,13,8,6,93,33,12,2.611,6.522,5.23,0 days 00:04:21,2271,786,5.929,154655,0.8,6 days 21:14:51.360000,7,16,Friday,False,0.0409330985915493,0.002640845070422535,0.005721830985915493,0.0035211267605633804,0.3459507042253521,261.0,594891.36,Low
3BEtGaz70rQ,How Far Should the NBA 3-Point Line Actually Be?,2019-09-21,13,9,0,86,2,19,2.365,8.08,34.67,0 days 00:03:20,2312,17,5.466,92928,1.64,5 days 08:27:44.640000,9,21,Saturday,True,0.03718115002161695,0.0,0.005620406398616515,0.0038910505836575876,0.007349762213575443,200.0,462464.64,Low
3TrAYmrmA8o,The 9 Books That Changed My Perspective in 2019,2020-01-03,13,12,0,173,2,23,1.806,8.793,23.69,0 days 00:03:52,3037,21,5.485,60048,3.25,8 days 03:52:33.600000,1,3,Friday,False,0.056945358788676764,0.0,0.004279131007241606,0.003949967083607637,0.0069124423963133645,232.0,705153.6,Low
DopikusDfk0,Collision Course: Sports Betting + Data Science,2019-12-20,13,41,8,342,2,225,5.403,12.188,42.08,0 days 00:02:29,10291,223,55.502,124918,5.9,17 days 19:02:18.960000,12,20,Friday,False,0.03322969296541003,0.000777302759424796,0.0012631169840652933,0.003983676642052079,0.021667314418966188,149.0,1537338.96,High
qP0hRF-lGqg,The Problem with Data Science,2020-02-28,13,11,2,137,0,41,5.156,11.63,52.28,0 days 00:02:21,3301,41,17.01,69013,3.52,5 days 09:25:23.880000,2,28,Friday,False,0.04149000605693519,0.0006056935190793458,0.003937007874015748,0.003331314354936402,0.01241671714112659,141.0,465923.88,Low
2RWwN5ZT4tA,Should  @Luke Barousse Take This Data Analyst Job? (Funny) #Shorts,2022-01-14,12,2,3,78,1,1,1.882,11.16,70.68,0 days 00:00:38,2401,123,1.72,25094,2.64,1 days 01:56:15,1,14,Friday,False,0.0324729392173189,0.0012489592006661116,0.004995836802664446,0.0008326394671107411,0.05120732722731058,38.0,93375.0,Low
T7BQJJIGrmc,Data Science: Pros and Cons,2019-06-30,12,4,1,177,1,44,4.412,11.644,45.21,0 days 00:03:19,3919,43,17.27,67929,4.07,9 days 01:31:46.559999999,6,30,Sunday,True,0.045153061224489796,0.00025510204081632655,0.003061224489795918,0.0010204081632653062,0.01096938775510204,199.0,783106.559999999,Low
 kX2b6TF_9k,By The Numbers: Where Should The NBA Put a 4 Point Line?,2019-10-21,11,5,2,66,1,11,1.852,8.087,23.34,0 days 00:02:33,2344,10,4.342,77802,2.09,4 days 03:42:27,10,21,Monday,False,0.02814498933901919,0.0008528784648187633,0.004690831556503198,0.0021321961620469083,0.0042643923240938165,153.0,358947.0,Low
IFceyuL6GZY,How I Became A Data Scientist From a Business Background,2018-11-12,11,33,4,168,0,81,4.419,14.006,38.33,0 days 00:03:57,5515,81,24.358,58816,5.72,15 days 03:29:08.880000,11,12,Monday,False,0.030456852791878174,0.0007251631617113851,0.001994198694706309,0.005982596084118927,0.014684554024655547,237.0,1308548.88,Low
scSc6YSanQ0,How Statistics Saved the US SERIOUS $$$$ During WW2 #Shorts,2021-12-10,10,20,5,212,0,2,1.947,10.912,75.62,0 days 00:00:43,3130,549,2.484,59027,1.61,1 days 13:28:31.800000,12,10,Friday,False,0.06770999680613222,0.0015969338869370809,0.0031938677738741618,0.0063877355477483235,0.17534334078569147,43.0,134911.8,Low
sq5TnVJWv6A,Where YOU Should Start With Data Science Projects,2019-02-19,10,30,1,217,0,62,3.419,13.161,23.1,0 days 00:01:47,8026,62,27.329,96996,3.2,10 days 00:29:18.960000,2,19,Tuesday,False,0.027033761056434534,0.00012457954403886882,0.0012457954403886883,0.0037373863211660643,0.007723931730409867,107.0,865758.96,Low
1Cf7SdnBncg,My Top 5 Data Science Internship Tips,2019-06-15,9,38,2,387,1,166,4.958,12.892,44.37,0 days 00:03:33,8420,165,41.664,137556,4.53,20 days 20:09:11.520000,6,15,Saturday,True,0.04595653722835768,0.00023750148438427741,0.0010687566797292483,0.004512528203301271,0.019593872461702886,213.0,1800551.52,High
3bes4U4MHPg,How to Integrate Data Science into Your Business,2020-03-02,9,13,1,82,3,30,5.618,14.95,49.99,0 days 00:02:29,1831,27,10.258,49545,2.54,3 days 04:16:17.039999999,3,2,Monday,False,0.04475982532751092,0.0005458515283842794,0.0049126637554585155,0.007096069868995633,0.014737991266375546,149.0,274577.039999999,Low
Fs_LG5Y8GIU,Can You Learn Data Science Without a Computer?,2020-03-11,9,7,0,86,0,15,3.408,8.601,50.63,0 days 00:01:40,1102,15,3.756,50697,1.43,1 days 06:50:38.760000,3,11,Wednesday,False,0.07796917497733455,0.0,0.008159564823209429,0.006346328195829556,0.013599274705349048,100.0,111038.76,Low
CS4u9cORwA,Was Captain Marvel Bad? A Sentiment Analysis of Twitter Data,2019-03-09,9,39,2,162,2,65,2.721,11.541,37.81,0 days 00:02:50,3673,63,9.996,71161,2.63,7 days 05:58:09.840000,3,9,Saturday,True,0.04409363091997823,0.0005443658138268917,0.0024496461622210124,0.010615133369624387,0.01714752313554709,170.0,626289.84,Low
BXmEmIK5aqI,The 5 Stages of Data Science Adoption,2019-12-06,8,16,0,54,0,14,6.916,19.093,43.44,0 days 00:02:34,973,14,6.722,28238,1.04,1 days 17:48:07.920000,12,6,Friday,False,0.055441478439425054,0.0,0.008213552361396304,0.01642710472279261,0.014373716632443531,154.0,150487.92,Low
aaAZXeuPIXk,How Much Did Cheating Help the Astros Win? (What the Numbers Say),2020-02-24,8,12,0,42,2,9,3.035,9.215,44.83,0 days 00:02:51,959,700,2.911,70110,0.87,1 days 21:37:10.560000,2,24,Monday,False,0.04375,0.0,0.008333333333333333,0.0125,0.7291666666666666,171.0,164230.56,Low
6sJEnzDjJqI,Where to Look for Data Science Jobs,2019-03-29,7,10,1,99,0,19,3.993,13.219,41.43,0 days 00:02:31,2583,19,10.305,51139,3.51,4 days 12:48:11.880000,3,29,Friday,False,0.03831269349845201,0.0003869969040247678,0.0027089783281733747,0.003869969040247678,0.007352941176470588,151.0,391691.88,Low
9-2OKLZfvbE,Questions You Should Ask Your Data Science Interviewers,2020-01-06,7,14,0,118,0,19,5.635,18.409,45.26,0 days 00:04:58,2134,19,12.02,62062,2.21,7 days 09:04:43.320000,1,6,Monday,False,0.05526932084309134,0.0,0.003278688524590164,0.006557377049180328,0.008899297423887589,298.0,637483.32,Low
KMOA5arCi8g,What I Learned From My Three Degrees,2019-05-17,7,1,1,56,0,13,3.439,13.371,39.58,0 days 00:05:01,1079,13,3.707,35455,1.93,3 days 18:23:21.840000,5,17,Friday,False,0.05185185185185185,0.000925925925925926,0.006481481481481481,0.000925925925925926,0.012037037037037037,301.0,325401.84,Low
RRXWJVX0fE8,6 Habits of Successful Data Scientists,2019-09-13,7,11,0,79,3,29,2.048,10.0,40.08,0 days 00:02:19,1591,26,3.255,35694,2.43,2 days 13:49:19.920000,9,13,Friday,False,0.04962311557788945,0.0,0.0043969849246231155,0.006909547738693468,0.016331658291457288,139.0,222559.92,Low
XTrlMQXYqts,Why You DON'T Want to be a WFH Data Scientist,2019-03-03,7,1,0,28,2,6,3.578,14.551,48.31,0 days 00:02:02,664,764,2.376,30810,1.41,0 days 22:38:01.680000,3,3,Sunday,True,0.042105263157894736,0.0,0.010526315789473684,0.0015037593984962407,1.1488721804511277,122.0,81481.68,Low
Y_SMU701qlA,Predicting Season Long NBA Wins Using Multiple Linear Regression,2018-07-10,7,45,2,159,1,34,2.883,10.667,26.93,0 days 00:02:25,6863,33,19.772,53865,4.03,11 days 12:43:32.520000,7,10,Tuesday,False,0.023164335664335664,0.0002913752913752914,0.0010198135198135198,0.006555944055944056,0.004807692307692308,145.0,996212.52,Low
a-Syoa9mPhM,Take Your Data Science Projects From Good to Great,2019-08-05,7,5,0,100,1,14,3.125,13.669,38.74,0 days 00:03:07,1414,13,4.415,57756,1.44,3 days 01:39:01.080000,8,5,Monday,False,0.0706713780918728,0.0,0.0049469964664310955,0.0035335689045936395,0.009187279151943463,187.0,265141.08,Low
fjVVtvp5X0w,Why Selling Is An Important Data Science Skill,2019-11-04,7,7,1,70,4,13,4.009,15.217,33.77,0 days 00:03:44,1418,89,5.685,49396,1.8,3 days 16:35:21.480000,11,4,Monday,False,0.04933051444679352,0.0007047216349541931,0.004933051444679351,0.004933051444679351,0.06272022551092318,224.0,318921.48,Low
iqG59TqfFdY,5 Data Science Resolutions for 2020,2019-12-27,7,3,0,24,2,5,2.404,22.678,43.75,0 days 00:02:12,455,773,1.094,34674,0.87,0 days 16:41:51,12,27,Friday,False,0.05263157894736842,0.0,0.015350877192982455,0.006578947368421052,1.6951754385964912,132.0,60111.0,Low
sCOX5yShmFA,The Best Way to Predict NBA Minutes Played,2018-12-11,7,23,0,85,0,44,4.178,15.083,33.66,0 days 00:03:14,3094,44,12.899,56877,2.8,6 days 23:31:00.480000,12,11,Tuesday,False,0.027463651050080775,0.0,0.002261712439418417,0.007431340872374798,0.014216478190630048,194.0,603060.48,Low
tv1e22u2COk,My Top 5 Data Science Resources for 2019,2019-01-05,7,11,1,112,1,40,3.645,13.721,32.98,0 days 00:01:55,3406,39,12.416,50442,4.68,4 days 13:31:47.280000,1,5,Saturday,True,0.032873495744056354,0.000293513354857646,0.002054593484003522,0.003228646903434106,0.011447020839448195,115.0,394307.28,Low
3cDM9Z-fdz4,Golf STATS: Strokes Gained Explained,2019-06-07,6,15,2,108,0,43,7.534,12.833,53.81,0 days 00:05:09,4151,43,31.192,55090,5.14,14 days 20:47:00.960000,6,7,Friday,False,0.02601156069364162,0.0004816955684007707,0.001445086705202312,0.0036127167630057803,0.010356454720616571,309.0,1284420.96,Low
3ysXGYjvbSU,Why is Balance Important in Data Science?,2019-10-16,6,2,0,31,3,4,3.275,14.95,52.42,0 days 00:02:04,612,1001,2.004,32650,1.17,0 days 21:12:26.280000,10,16,Wednesday,False,0.05057096247960848,0.0,0.009787928221859706,0.0032626427406199023,1.632952691680261,124.0,76346.28,Low
XoUyK3XHZHs,Watch This Before Applying to Data Science Jobs,2019-02-04,6,5,1,53,0,15,4.408,16.199,38.38,0 days 00:03:50,1261,15,5.558,33418,1.99,3 days 08:39:55.800000,2,4,Monday,False,0.041996830427892234,0.000792393026941363,0.004754358161648178,0.003961965134706815,0.011885895404120444,230.0,290395.8,Low
foggudmDDvY,Data Science in Golf: PGA Merchandise Show 2020,2020-01-31,6,5,0,18,0,2,3.529,12.105,38.65,0 days 00:03:31,482,772,1.701,41477,0.69,1 days 04:21:23.760000,1,31,Friday,False,0.037267080745341616,0.0,0.012422360248447204,0.010351966873706004,1.598343685300207,211.0,102083.76,Low
k4r_NtB4JVQ,Golf: Would You Rather Be the LONGEST or STRAIGHTEST Driver on the PGA Tour?,2019-11-25,5,8,2,42,2,17,2.445,12.182,34.52,0 days 00:02:39,816,880,1.995,54472,0.53,1 days 12:08:46.680000,11,25,Monday,False,0.051407588739290085,0.0024479804161566705,0.006119951040391677,0.009791921664626682,1.0771113831089352,159.0,130126.68,Low
1UjMBw_7Gi8,Data Science: Startup vs. Large Corporation,2019-03-21,4,3,5,66,0,19,4.906,14.61,47.65,0 days 00:02:13,1703,988,8.345,44105,2.58,2 days 15:06:49.680000,3,21,Thursday,False,0.03873239436619718,0.0029342723004694834,0.002347417840375587,0.0017605633802816902,0.57981220657277,133.0,227209.68,Low
k-gin1qfzi0,How To Build A Word Cloud From Scraped Data (Python),2019-09-04,4,32,2,63,0,24,2.358,11.647,11.74,0 days 00:02:35,2794,724,6.582,70051,2.47,5 days 00:22:15.600000,9,4,Wednesday,False,0.02254025044722719,0.0007155635062611807,0.0014311270125223613,0.01144901610017889,0.2590339892665474,155.0,433335.6,Low
qUK5Vk4NvBw,#66DaysOfData Round 3 Live Event! (feat. @StatQuest with Josh Starmer),2021-10-12,4,16,0,133,12,22,3.078,6.219,7.83,0 days 00:04:52,2038,999,6.269,138024,0.64,6 days 21:30:01.439999999,10,12,Tuesday,False,0.06522805296714075,0.0,0.00196174595389897,0.00784698381559588,0.4899460519862678,292.0,595801.439999999,Low
smeFkHwnM_k,Welcome To My Channel | Ken Jee | Data Science,2019-03-03,4,5,0,30,0,47,4.992,37.786,55.43,0 days 00:00:28,1225,47,6.115,27960,1.01,0 days 09:37:07.680000,3,3,Sunday,True,0.024469820554649267,0.0,0.0032626427406199023,0.004078303425774877,0.03833605220228385,28.0,34627.68,Low
FBgs-BSTIJE,Demystifying Data Science Roles,2018-11-30,3,5,1,48,1,8,5.218,16.232,55.55,0 days 00:03:28,978,987,5.103,26202,2.24,2 days 08:35:34.800000,11,30,Friday,False,0.049029622063329927,0.0010214504596527069,0.0030643513789581204,0.005107252298263534,1.0081716036772217,208.0,203734.8,Low
Yr5T3T4tq-g,Most Data Science Hopefuls Overlook This Important Skill,2019-05-25,3,0,0,44,0,5,3.374,15.596,58.62,0 days 00:02:06,548,775,1.849,21780,1.61,0 days 19:16:30.720000,5,25,Saturday,True,0.08014571948998178,0.0,0.00546448087431694,0.0,1.4116575591985427,126.0,69390.72,Low
j-Z-je6K4Yg,IT'S NOT TOO LATE TO LEARN CODE!,2018-12-18,3,1,0,35,0,7,3.784,12.59,60.52,0 days 00:01:52,721,447,2.728,18635,2.65,0 days 22:32:42,12,18,Tuesday,False,0.04847645429362881,0.0,0.004155124653739612,0.0013850415512465374,0.6191135734072022,112.0,81162.0,Low
5jntoZX-Tc8,NASA Physicist Turned Data Scientist (Tim Bowling) - KNN EP. 02,2019-05-05,2,5,0,38,0,3,2.651,12.206,16.93,0 days 00:03:09,1094,773,2.9,34642,1.99,2 days 09:38:10.680000,5,5,Sunday,True,0.034703196347031964,0.0,0.0018264840182648401,0.0045662100456621,0.7059360730593607,189.0,207490.68,Low
5p73cIRYCZg,ProjectDemoCSC478_UFCFightData,2017-06-06,78,2,0,1,0,0,0.05,11.442779279279279,8.79,0 days 00:01:04,60,781,0.003,365,11.51,0 days 01:04:06.240000,6,6,Tuesday,False,0.01639344262295082,0.0,1.278688524590164,0.03278688524590164,12.80327868852459,64.0,3846.24,Low
